City_ID,City,Lat,Lng,Max Temp,Humidity,Cloudiness,Wind Speed,Country,Date
0,port-aux-francais,-49.35,70.2167,2.39,70,54,10.08,TF,1729869587
1,adamstown,-25.066,-130.1015,20.65,75,100,7.84,PN,1729869589
2,olonkinbyen,70.9221,-8.7187,-2.96,55,80,4.54,SJ,1729869590
3,west island,-12.1568,96.8225,25.99,73,40,4.63,CC,1729869591
4,balkanabat,39.5108,54.3671,15.72,63,24,3.98,TM,1729869593
5,zhangye,38.9342,100.4517,8.41,45,37,1.48,CN,1729869594
6,puerto natales,-51.7236,-72.4875,9.25,57,100,18.01,CL,1729869330
7,papatowai,-46.5619,169.4708,6.57,86,100,3.56,NZ,1729869596
8,campoverde,-8.4753,-74.8058,30.83,52,78,1.61,PE,1729869598
9,bilibino,68.0546,166.4372,-18.95,93,100,1.4,RU,1729869599
10,grytviken,-54.2811,-36.5092,1.99,99,100,5.35,GS,1729869600
11,tiksi,71.6872,128.8694,-21.42,99,68,1.76,RU,1729869602
12,narasannapeta,18.4167,84.05,25.83,83,76,2.42,IN,1729869603
13,ventspils,57.3894,21.5606,10.96,82,100,4.12,LV,1729869604
14,ushuaia,-54.8,-68.3,8.81,71,75,9.77,AR,1729869605
15,cabo san lucas,22.8909,-109.9124,30.98,37,0,1.54,MX,1729869607
16,ribeira grande,38.5167,-28.7,19.32,59,75,6.17,PT,1729869608
17,aracataca,10.5918,-74.1898,31.03,65,97,1.3,CO,1729869609
18,thunder bay,48.4001,-89.3168,7.99,76,20,3.6,CA,1729869611
19,yellowknife,62.456,-114.3525,-5.88,95,40,3.6,CA,1729869612
20,rio grande,-32.035,-52.0986,19.66,68,84,4.89,BR,1729869333
21,valparaiso,-33.0393,-71.6273,22.13,53,0,5.66,CL,1729869614
22,katsuura,35.1333,140.3,21.08,76,100,7.56,JP,1729869616
23,waitangi,-43.9535,-176.5597,12.68,98,100,5.24,NZ,1729869617
24,nicoya,10.1483,-85.452,28.16,76,69,2.55,CR,1729869618
25,nova sintra,14.8667,-24.7167,26.75,74,89,8.33,CV,1729869620
26,jayapura,-2.5333,140.7,24.66,87,95,1.53,ID,1729869621
27,iqaluit,63.7506,-68.5145,-1.15,69,100,3.6,CA,1729869622
28,fort st. john,56.2499,-120.8529,-2.06,74,20,4.12,CA,1729869481
29,port alfred,-33.5906,26.891,17.88,77,2,4.02,ZA,1729869625
30,khandyga,62.6667,135.6,-9.66,95,100,2.11,RU,1729869626
31,lihue,21.9789,-159.3672,23.77,88,100,0.0,US,1729869627
32,vila velha,-20.3297,-40.2925,32.97,64,40,7.2,BR,1729869492
33,qamdo,31.1667,97.2333,5.88,72,100,0.57,CN,1729869630
34,awjilah,29.1081,21.2869,24.8,33,0,4.07,LY,1729869631
35,aras-asan,8.8908,126.3033,24.62,92,100,1.79,PH,1729869632
36,mukalla,14.5425,49.1242,27.7,75,6,3.68,YE,1729869633
37,puerto ayora,-0.7393,-90.3518,21.42,93,96,3.58,EC,1729869635
38,hawaiian paradise park,19.5933,-154.9731,22.72,99,100,2.06,US,1729869636
39,kruisfontein,-34.0033,24.7314,16.73,59,0,7.88,ZA,1729869340
40,rivera,-30.9053,-55.5508,22.95,99,24,2.87,UY,1729869639
41,saint-apollinaire,47.3333,5.0833,21.79,64,40,2.06,FR,1729869640
42,dekina,7.6948,7.0222,27.52,75,99,1.42,NG,1729869641
43,geraldton,-28.7667,114.6,17.23,77,75,5.14,AU,1729869581
44,broken hill,-31.95,141.4333,15.4,41,66,2.94,AU,1729869556
45,tommot,58.9564,126.2925,-6.14,93,100,3.96,RU,1729869645
46,avarua,-21.2078,-159.775,22.58,76,100,10.65,CK,1729869380
47,invercargill,-46.4,168.35,7.23,89,100,0.45,NZ,1729869647
48,vilyuchinsk,52.9306,158.4028,3.15,78,100,5.46,RU,1729869649
49,bethel,41.3712,-73.414,12.99,58,0,3.09,US,1729869650
50,edinburgh of the seven seas,-37.0676,-12.3116,13.21,70,97,7.63,SH,1729869651
51,batalha,-9.6778,-37.1247,35.51,25,5,4.78,BR,1729869653
52,wamba,8.9333,8.6,31.52,50,87,1.37,NG,1729869655
53,kuala terengganu,5.3302,103.1408,23.97,94,40,2.68,MY,1729869621
54,la ronge,55.1001,-105.2842,-0.86,86,20,2.06,CA,1729869657
55,goure,13.9835,10.2704,34.73,10,68,6.11,NE,1729869658
56,isafjordur,66.0755,-23.124,6.02,65,75,5.66,IS,1729869614
57,tobelo,1.7284,128.0095,27.55,77,45,0.25,ID,1729869661
58,punta arenas,-53.15,-70.9167,8.06,81,100,12.86,CL,1729869202
59,talnakh,69.4865,88.3972,-18.39,89,8,1.52,RU,1729869664
60,east london,-33.0153,27.9116,18.52,59,0,9.26,ZA,1729869665
61,quelimane,-17.8786,36.8883,27.97,74,0,8.75,MZ,1729869666
62,pacasmayo,-7.4006,-79.5714,20.11,75,46,5.28,PE,1729869667
63,longyearbyen,78.2186,15.6401,1.91,87,0,2.57,SJ,1729869669
64,port angeles,48.1181,-123.4307,6.83,93,0,0.0,US,1729869670
65,petropavlovsk-kamchatsky,53.0452,158.6483,2.33,56,40,3.0,RU,1729869671
66,gaalkacyo,6.7697,47.4308,31.32,48,93,1.93,SO,1729869672
67,pedernales,18.0384,-71.744,29.9,62,11,2.55,DO,1729869674
68,lower hutt,-41.2167,174.9167,17.91,78,75,9.77,NZ,1729869675
69,fort bragg,35.139,-79.006,20.51,45,0,0.89,US,1729869677
70,jeddah,21.5169,39.2192,30.92,58,0,3.09,SA,1729869679
71,choix,26.7092,-108.3219,27.14,33,0,1.25,MX,1729869680
72,sirte,31.2089,16.5887,23.03,53,3,6.49,LY,1729869681
73,port elizabeth,-33.918,25.5701,18.16,81,20,10.29,ZA,1729869682
74,tura,25.5198,90.2201,22.14,88,100,1.64,IN,1729869683
75,lagos,6.5833,3.75,26.28,83,100,1.37,NG,1729869301
76,albany,42.6001,-73.9662,10.45,66,0,0.89,US,1729869391
77,puerto baquerizo moreno,-0.9,-89.6,21.55,83,75,6.17,EC,1729869687
78,keila,59.3036,24.4131,11.01,81,75,4.63,EE,1729869689
79,swakopmund,-22.6833,14.5333,16.66,77,45,2.68,NA,1729869690
80,hermanus,-34.4187,19.2345,20.45,63,0,5.79,ZA,1729869691
81,weno,7.4515,151.8468,28.47,77,90,8.36,FM,1729869693
82,blackmans bay,-43.0167,147.3167,4.29,89,11,2.46,AU,1729869694
83,college,64.8569,-147.8028,-8.39,76,75,1.54,US,1729869488
84,atafu village,-8.5421,-172.5159,28.56,75,74,7.31,TK,1729869698
85,namibe,-15.1961,12.1522,21.59,77,98,5.52,AO,1729869699
86,mbandaka,0.0487,18.2603,26.29,83,88,2.27,CD,1729869700
87,monitos,8.25,-76.05,28.77,81,80,0.73,CO,1729869701
88,val-d'or,48.1002,-77.7828,5.05,93,100,5.14,CA,1729869703
89,guerrero negro,27.9769,-114.0611,18.32,80,66,2.94,MX,1729869704
90,nar'yan-mar,67.6713,53.087,1.48,66,100,2.56,RU,1729869705
91,thompson,55.7435,-97.8558,0.09,93,40,2.57,CA,1729869703
92,hovd,48.0056,91.6419,3.56,50,17,2.61,MN,1729869708
93,waat,51.1454,6.4958,19.36,82,0,2.57,DE,1729869709
94,sirvintos,55.05,24.95,8.57,77,0,1.67,LT,1729869710
95,hithadhoo,-0.6,73.0833,28.01,70,3,3.69,MV,1729869712
96,whitehorse,60.7161,-135.0538,-6.57,100,75,2.06,CA,1729869713
97,dudinka,69.4058,86.1778,-20.63,97,10,2.62,RU,1729869715
98,ardakan,32.31,54.0175,17.97,13,0,2.88,IR,1729869716
99,ancud,-41.8697,-73.8203,10.86,58,55,3.9,CL,1729869717
100,jamestown,42.097,-79.2353,11.12,63,0,4.12,US,1729869719
101,lesogorsk,56.0458,99.5136,-0.07,96,98,1.45,RU,1729869720
102,zanjan,36.6736,48.4787,5.83,45,0,3.09,IR,1729869721
103,kurumkan,54.3,110.3,-4.56,61,100,1.31,RU,1729869724
104,yanam,16.7333,82.2167,25.34,81,45,2.52,IN,1729869725
105,isangel,-19.55,169.2667,23.53,91,9,1.46,VU,1729869727
106,qaqortoq,60.7167,-46.0333,-0.05,70,1,11.09,GL,1729869728
107,uturoa,-16.7333,-151.4333,25.38,79,99,10.01,PF,1729869731
108,savanna-la-mar,18.219,-78.1332,31.63,64,16,1.87,JM,1729869732
109,georgetown,5.4112,100.3354,25.96,87,20,2.06,MY,1729869733
110,vila franca do campo,37.7167,-25.4333,18.27,99,84,3.87,PT,1729869734
111,strugi-krasnyye,58.2675,29.1114,9.33,89,100,2.54,RU,1729869736
112,margaret river,-33.95,115.0667,13.42,64,29,5.84,AU,1729869737
113,nema,57.5067,50.5011,4.25,96,100,3.62,RU,1729869739
114,sabang,5.8933,95.3214,28.41,75,97,6.26,ID,1729869525
115,ulanhot,46.0833,122.0833,5.21,30,100,1.74,CN,1729869741
116,matadi,-5.8167,13.45,30.93,59,90,2.46,CD,1729869743
117,kapa'a,22.0752,-159.319,24.18,96,100,0.0,US,1729869744
118,iquique,-20.2208,-70.1431,18.62,67,69,2.12,CL,1729869610
119,port mathurin,-19.6833,63.4167,23.5,88,100,9.91,MU,1729869746
120,asahikawa,43.7678,142.3703,5.56,81,2,5.14,JP,1729869748
121,plettenberg bay,-34.0527,23.3716,17.08,65,0,2.88,ZA,1729869749
122,oundle,52.4809,-0.4673,15.62,100,100,1.03,GB,1729869750
123,kalabo,-14.97,22.6814,33.81,22,65,6.43,ZM,1729869751
124,toliara,-23.35,43.6667,26.22,72,3,4.19,MG,1729869753
125,hemsby,52.6971,1.6918,19.13,92,6,5.21,GB,1729869754
126,cidreira,-30.1811,-50.2056,21.28,69,90,6.13,BR,1729869755
127,howard springs,-12.497,131.047,26.95,85,90,1.63,AU,1729869756
128,papao,-17.75,-149.55,23.82,80,100,11.85,PF,1729869758
129,ulsteinvik,62.3432,5.8487,9.62,91,99,1.65,NO,1729869759
130,yuzhno-kurilsk,44.0306,145.8556,12.02,85,67,5.44,RU,1729869760
131,bonthe,7.5264,-12.505,28.71,74,66,2.99,SL,1729869762
132,kapuskasing,49.4169,-82.4331,8.05,100,100,4.12,CA,1729869763
133,alakurtti,66.9672,30.3491,5.35,93,70,2.76,RU,1729869735
134,vorgashor,67.5833,63.95,-9.57,96,17,1.28,RU,1729869766
135,touros,-5.1989,-35.4608,28.9,53,100,6.61,BR,1729869547
136,cururupu,-1.8283,-44.8683,29.55,61,99,3.04,BR,1729869768
137,colonia,50.9333,6.95,20.49,76,0,4.63,DE,1729869528
138,newman,37.3138,-121.0208,10.59,36,53,0.62,US,1729869508
139,basco,20.4487,121.9702,28.4,86,95,8.65,PH,1729869776
140,olyokminsk,60.3736,120.4264,-9.2,98,96,1.21,RU,1729869777
141,jacksonville beach,30.2947,-81.3931,28.36,60,20,1.54,US,1729869597
142,mehdia daira de meghila,35.4306,1.7571,20.47,41,64,1.59,DZ,1729869780
143,tofol,5.3248,163.0078,28.76,70,80,4.87,FM,1729869781
144,ketchikan,55.3422,-131.6461,5.99,87,100,2.06,US,1729869783
145,washington,47.5001,-120.5015,2.22,78,100,1.15,US,1729869753
146,polyarnyy,69.1989,33.4478,7.3,81,18,9.11,RU,1729869786
147,koch'ang,35.4333,126.7,14.86,75,99,0.9,KR,1729869787
148,ekibastuz,51.6667,75.3667,8.03,64,100,2.96,KZ,1729869788
149,gisborne,-38.6533,178.0042,12.78,87,33,2.82,NZ,1729869790
150,amga,60.8953,131.9608,-9.87,88,100,5.14,RU,1729869791
151,dryden,49.7833,-92.7503,5.16,81,75,4.63,CA,1729869792
152,dawesville,30.9224,-84.0091,26.23,61,0,0.0,US,1729869795
153,saint-pierre,-21.3393,55.4781,24.82,73,100,1.54,RE,1729869748
154,fort mcmurray,56.7268,-111.381,-0.23,80,100,4.63,CA,1729869799
155,kolonia,50.9333,6.95,20.36,76,0,4.63,DE,1729869800
156,callao,-12.0667,-77.15,21.51,82,100,4.12,PE,1729869801
157,carnarvon,-24.8667,113.6333,19.77,74,1,10.99,AU,1729869803
158,tocopilla,-22.092,-70.1979,19.65,68,17,3.43,CL,1729869804
159,abalak,58.1286,68.5944,4.99,92,92,2.69,RU,1729869805
160,rulenge,-2.7175,30.6325,22.01,75,100,1.57,TZ,1729869806
161,island harbour,50.724,-1.2758,16.12,68,89,1.34,GB,1729869808
162,lubango,-14.9172,13.4925,30.92,25,20,3.09,AO,1729869809
163,bredasdorp,-34.5322,20.0403,19.46,50,0,4.59,ZA,1729869810
164,naukot,24.8587,69.4024,32.68,20,7,2.51,PK,1729869812
165,poltavka,54.3663,71.7632,6.82,67,83,5.13,RU,1729869813
166,konarka,19.9,86.1167,25.03,87,99,7.29,IN,1729869814
167,mocimboa,-11.3167,40.35,27.07,68,78,5.31,MZ,1729869593
168,baracoa,20.3467,-74.4958,27.68,84,67,3.68,CU,1729869818
169,lhasa,29.65,91.1,9.39,42,28,2.0,CN,1729869603
170,stanley,54.868,-1.6985,12.01,94,75,0.51,GB,1729869821
171,lospalos,-8.5186,127.0025,22.73,94,36,2.03,TL,1729869822
172,anadyr,64.75,177.4833,-3.72,73,40,4.0,RU,1729869825
173,luderitz,-26.6481,15.1594,21.29,52,7,13.45,NA,1729869827
174,yeed,4.55,43.0333,33.0,36,79,4.46,SO,1729869828
175,port lincoln,-34.7333,135.8667,14.13,80,90,5.95,AU,1729869829
176,gorom-gorom,14.4439,-0.2361,38.95,11,37,4.06,BF,1729869831
177,yazman,29.1212,71.7446,30.45,19,0,1.44,PK,1729869833
178,lompoc,34.6391,-120.4579,9.4,87,40,3.09,US,1729869835
179,east ballina,-28.8667,153.5833,17.63,70,81,3.1,AU,1729869836
180,igarka,67.4667,86.5833,-7.38,95,100,3.47,RU,1729869838
181,coquimbo,-29.9533,-71.3436,20.55,55,0,5.66,CL,1729869702
182,cibitoke,-2.8833,29.25,22.68,71,99,0.43,BI,1729869840
183,keflavik,64.0049,-22.5624,6.24,75,75,9.77,IS,1729869841
184,nemuro,43.3236,145.575,13.17,84,19,7.12,JP,1729869843
185,tazovsky,67.4667,78.7,-8.34,96,98,3.83,RU,1729869844
186,i-n-salah,27.1935,2.4607,30.84,20,0,2.77,DZ,1729869845
187,alenquer,-1.9417,-54.7383,36.03,38,6,2.16,BR,1729869847
188,yulinshi,38.2906,109.7494,11.45,67,100,9.49,CN,1729869848
189,santana,-0.0583,-51.1817,33.1,62,20,5.14,BR,1729869849
190,bocas del toro,9.3333,-82.25,28.28,72,94,3.84,PA,1729869850
191,rongelap,11.1635,166.8941,28.6,79,88,5.95,MH,1729869852
192,utrik,11.2278,169.8474,28.28,76,77,5.69,MH,1729869853
193,torghay,49.6339,63.4981,9.54,53,100,2.22,KZ,1729869854
194,canutama,-6.5339,-64.3831,35.46,41,91,0.9,BR,1729869856
195,chibougamau,49.9168,-74.3659,4.79,75,100,5.66,CA,1729869855
196,villa gesell,-37.2639,-56.973,11.41,80,100,6.88,AR,1729869860
197,glace bay,46.1969,-59.957,11.66,98,100,13.89,CA,1729869861
198,lorengau,-2.0226,147.2712,27.13,81,89,1.01,PG,1729869862
199,al muwayh,22.4333,41.7583,27.6,40,87,7.78,SA,1729869864
200,suva,-18.1416,178.4415,24.71,100,75,2.57,FJ,1729869865
201,inderbor,48.55,51.7833,11.05,53,100,3.38,KZ,1729869866
202,labrador city,52.9463,-66.9114,-0.05,80,20,0.0,CA,1729869867
203,cardenas,23.0375,-81.2047,28.42,71,4,6.06,CU,1729869869
204,portland,45.5234,-122.6762,9.34,82,0,0.0,US,1729869601
205,chonchi,-42.6128,-73.8092,13.95,56,100,2.87,CL,1729869871
206,kangding,30.0513,101.9603,11.26,99,100,2.25,CN,1729869872
207,hilo,19.7297,-155.09,22.84,98,100,2.06,US,1729869874
208,chiavenna,46.3216,9.3986,18.23,91,100,0.45,IT,1729869875
209,koprivnica,46.1628,16.8275,16.57,72,49,1.91,HR,1729869876
210,klyuchi,52.2667,79.1667,7.77,66,100,4.12,RU,1729869878
211,suntar,62.1444,117.6319,-15.7,99,82,1.27,RU,1729869879
212,kourou,5.1552,-52.6478,27.68,86,86,3.5,GF,1729869880
213,yanchep,-31.55,115.6833,16.37,76,53,7.58,AU,1729869881
214,mount pearl,47.5166,-52.7813,16.29,98,100,11.32,CA,1729869883
215,hamilton,39.1834,-84.5333,17.67,60,40,4.12,US,1729869868
216,tekeli,44.83,78.8239,8.81,40,4,4.07,KZ,1729869886
217,xichang,27.8964,102.2634,17.68,90,98,0.96,CN,1729869887
218,saipan,15.1355,145.701,26.39,94,100,8.75,MP,1729869889
219,enewetak,11.3474,162.3373,27.68,81,100,5.52,MH,1729869890
220,dunedin,-45.8742,170.5036,6.0,95,100,4.08,NZ,1729869891
221,safi,32.1667,-8.8333,24.22,51,16,7.66,MA,1729869892
222,pizarro,4.9533,-77.366,27.23,84,81,2.05,CO,1729869894
223,badger,64.8,-147.5333,-9.07,84,20,1.54,US,1729869895
224,walvis bay,-22.9575,14.5053,21.53,56,17,3.6,NA,1729869896
225,tuy hoa,13.0833,109.3,24.65,81,100,1.03,VN,1729869897
226,ghadamis,30.1337,9.5007,31.7,15,100,5.46,LY,1729869899
227,nouadhibou,20.931,-17.0347,37.99,15,55,1.54,MR,1729869900
228,wailua homesteads,22.0669,-159.378,24.44,96,75,4.12,US,1729869901
229,alice springs,-23.7,133.8833,15.75,25,5,0.0,AU,1729869902
230,gadzhiyevo,69.2551,33.3362,7.37,81,16,9.88,RU,1729869904
231,mogadishu,2.0371,45.3438,26.93,83,40,5.14,SO,1729869722
232,urucara,-2.5364,-57.76,39.21,27,27,3.77,BR,1729869906
233,lugovoy,42.9472,72.7644,13.03,46,100,2.34,KZ,1729869908
234,chakia,26.4167,85.05,22.92,88,3,2.62,IN,1729869910
235,tchintabaraden,15.8969,5.7985,35.94,8,21,4.61,NE,1729869911
236,kodiak,57.79,-152.4072,6.73,87,100,6.69,US,1729869912
237,mandalgovi,45.7625,106.2708,2.64,68,87,2.44,MN,1729869914
238,huntsville,34.7304,-86.5861,24.87,56,0,3.09,US,1729869887
239,prado,-17.3411,-39.2208,28.53,66,76,8.83,BR,1729869916
240,freetown,8.484,-13.2299,27.99,74,72,4.17,SL,1729869919
241,codrington,-38.2667,141.9667,4.54,82,5,3.91,AU,1729869920
242,kingston,17.997,-76.7936,31.76,66,20,1.54,JM,1729869821
243,flin flon,54.7682,-101.865,0.91,80,20,3.09,CA,1729869924
244,el calafate,-50.3408,-72.2768,8.23,63,100,6.11,AR,1729869925
245,harnai,30.1005,67.9374,25.85,26,0,0.67,PK,1729869927
246,ambur,12.7833,78.7,25.02,66,100,1.17,IN,1729869928
247,punta del este,-34.9667,-54.95,20.06,94,75,5.14,UY,1729869878
248,murun-kuren,49.6342,100.1625,-0.95,81,7,0.65,MN,1729869931
249,oistins,13.0667,-59.5333,31.05,74,75,8.75,BB,1729869932
250,anna regina,7.2644,-58.5077,28.8,77,92,4.34,GY,1729869933
251,beypazari,40.1675,31.9211,11.44,45,0,2.01,TR,1729869935
252,ust-nera,64.5667,143.2,-12.27,97,100,3.18,RU,1729869936
253,boca do acre,-8.7522,-67.3978,36.86,35,100,1.66,BR,1729869939
254,melekeok village,7.4957,134.6367,28.31,78,75,5.66,PW,1729869940
255,caleta de carquin,-11.0925,-77.6267,19.98,76,50,4.18,PE,1729869859
256,hadibu,12.65,54.0333,27.81,79,62,3.33,YE,1729869943
257,kipushi,-11.7667,27.2333,29.97,27,78,1.21,CD,1729869944
258,parli vaijnath,18.85,76.5333,22.32,70,100,1.86,IN,1729869945
259,auki,-8.7676,160.7034,24.37,91,82,1.48,SB,1729869947
260,fale old settlement,-9.3852,-171.2468,28.59,77,27,9.04,TK,1729869948
261,cacapava do sul,-30.5122,-53.4914,20.22,66,98,2.63,BR,1729869949
262,tralee,52.2704,-9.7026,14.14,82,40,4.63,IE,1729869951
263,afaahiti,-17.75,-149.2833,23.72,80,100,10.8,PF,1729869793
264,cabras,39.93,8.5314,23.89,59,93,6.59,IT,1729869955
265,san luis de la loma,17.2706,-100.8939,27.82,74,0,0.87,MX,1729869957
266,hawkesbury,45.6001,-74.616,7.67,50,25,1.77,CA,1729869958
267,chui,-33.6971,-53.4616,21.09,61,78,3.67,UY,1729869959
268,revda,56.801,59.9303,3.46,89,94,2.14,RU,1729869960
269,macapa,0.0389,-51.0664,32.99,62,20,5.14,BR,1729869667
270,mbanza kongo,-6.267,14.2401,27.12,65,96,1.76,AO,1729869963
271,itaueira,-7.6033,-43.0256,38.26,24,66,2.77,BR,1729869964
272,dzilam gonzalez,21.2833,-88.9333,28.22,59,4,1.61,MX,1729869965
273,tiquipaya,-17.3382,-66.2189,25.54,22,20,2.57,BO,1729869967
274,hotan,37.0997,79.9269,15.21,20,45,2.54,CN,1729869968
275,shingu,33.7333,135.9833,21.08,92,100,3.32,JP,1729869969
276,brookings,44.3114,-96.7984,6.18,83,77,2.68,US,1729869971
277,nuuk,64.1835,-51.7216,-0.66,86,75,3.6,GL,1729869973
278,fuyu,45.1833,124.8167,5.04,36,96,3.22,CN,1729869974
279,kone,-21.0595,164.8658,21.17,95,1,0.16,NC,1729869976
280,monaragala,6.8714,81.3487,24.71,87,71,0.71,LK,1729869977
281,tukrah,32.5341,20.5791,22.38,53,7,7.48,LY,1729869979
282,muscat,23.6139,58.5922,30.72,46,0,3.47,OM,1729869944
283,la sarre,48.8002,-79.1996,5.78,96,100,4.41,CA,1729869982
284,metlili chaamba,32.2667,3.6333,24.52,41,20,3.6,DZ,1729869983
285,northam,51.0333,-4.2167,15.34,72,0,8.04,GB,1729869984
286,dipayal,29.2608,80.94,20.45,97,10,0.87,NP,1729869986
287,kerikeri,-35.2268,173.9474,18.28,90,100,4.47,NZ,1729869987
288,mount isa,-20.7333,139.5,22.87,16,0,5.14,AU,1729869988
289,port moresby,-9.4431,147.1797,25.68,94,100,1.03,PG,1729869990
290,aitape,-3.1374,142.3475,25.68,89,76,1.48,PG,1729869991
291,port hedland,-20.3167,118.5667,29.03,45,7,5.14,AU,1729869992
292,tsumeb,-19.2333,17.7167,36.85,4,1,3.75,NA,1729869993
293,sumbe,-11.2061,13.8437,25.37,80,86,3.96,AO,1729869995
294,rabaul,-4.1967,152.1721,26.97,80,43,0.44,PG,1729869996
295,happy valley-goose bay,53.3168,-60.3315,2.17,75,40,2.06,CA,1729869997
296,wewak,-3.5534,143.6268,26.04,86,100,0.75,PG,1729869998
297,pandan,14.0453,124.1694,27.08,82,94,4.15,PH,1729870000
298,remire-montjoly,4.9167,-52.2667,30.02,79,75,2.57,GF,1729870001
299,jaru,-10.4389,-62.4664,36.75,36,85,2.72,BR,1729870002
300,kralendijk,12.15,-68.2667,29.34,82,64,9.95,BQ,1729870003
301,campbellton,48.0075,-66.6727,8.25,47,95,1.33,CA,1729870005
302,bubaque,11.2833,-15.8333,27.64,77,61,3.33,GW,1729870006
303,corner brook,48.9667,-57.9484,5.06,93,100,6.95,CA,1729870007
304,le vauclin,14.5452,-60.8388,32.03,66,75,7.72,MQ,1729870009
305,prieska,-29.6641,22.7474,32.07,6,0,7.62,ZA,1729870010
306,richards bay,-28.783,32.0377,22.21,78,35,4.8,ZA,1729870011
307,kalevala,65.2,31.1667,6.98,93,91,4.55,RU,1729870013
308,pisco,-13.7,-76.2167,19.03,77,100,3.09,PE,1729870014
309,visby,57.6409,18.296,11.12,76,0,4.63,SE,1729870015
310,manokwari,-0.8667,134.0833,25.86,84,65,2.43,ID,1729870016
311,kavaratti,10.5669,72.642,28.24,77,76,2.1,IN,1729870018
312,montepuez,-13.1256,38.9997,32.12,27,92,5.13,MZ,1729870019
313,masonboro,34.1793,-77.8475,21.04,44,0,0.0,US,1729870020
314,bianzhuang,34.8486,118.0447,13.61,93,18,2.96,CN,1729870021
315,muhos,64.808,25.9931,7.89,86,78,3.56,FI,1729870023
316,sabratah,32.7933,12.4885,27.49,34,100,7.17,LY,1729870024
317,aswan,24.0934,32.907,29.29,12,0,5.13,EG,1729870025
318,paka,4.6374,103.4368,22.96,100,100,1.03,MY,1729870027
319,fayroz koh,34.5195,65.2509,13.24,47,15,7.46,AF,1729870028
320,el abiodh sidi cheikh,32.893,0.5484,23.43,32,73,4.14,DZ,1729870029
321,naze,28.3667,129.4833,25.51,83,100,6.06,JP,1729870030
322,banjar,-8.19,114.9675,25.17,88,9,3.7,ID,1729870032
323,aasiaat,68.7098,-52.8699,-1.3,63,84,7.89,GL,1729870033
324,vredefort,-27.0081,27.3646,30.54,10,2,5.97,ZA,1729870034
325,tarawa,1.419,172.984,27.05,83,75,3.6,KI,1729870036
326,tromso,69.6496,18.957,6.01,75,75,9.26,NO,1729869775
327,greenville,35.6127,-77.3663,20.07,52,0,0.0,US,1729870038
328,pacific grove,36.6177,-121.9166,16.32,75,0,1.54,US,1729870040
329,ljusdal,61.8288,16.0913,9.09,79,23,4.75,SE,1729870041
330,lubang,13.8584,120.124,28.96,77,100,11.09,PH,1729870042
331,pearland,29.5636,-95.286,28.34,75,0,5.14,US,1729869913
332,nampula,-15.1165,39.2666,32.97,29,20,3.09,MZ,1729870045
333,ilulissat,69.2167,-51.1,-1.99,93,100,7.2,GL,1729870046
334,kayyerkan,69.3786,87.7439,-16.44,88,29,1.72,RU,1729870048
335,elektrenai,54.7667,24.6333,8.93,73,0,1.65,LT,1729870049
336,kiunga,-6.1219,141.2906,21.41,91,57,0.73,PG,1729870050
337,melo,-32.3667,-54.1833,21.23,67,60,4.81,UY,1729869847
338,shagonar,51.5333,92.8,6.93,63,100,0.78,RU,1729870053
339,la passe,45.5549,-0.8967,14.14,83,100,3.79,FR,1729870054
340,canete,-37.8,-73.4,13.6,54,15,5.11,CL,1729870055
341,susuman,62.7833,148.1667,-14.65,96,100,1.78,RU,1729870057
342,dhuusamarreeb,5.535,46.3861,32.84,41,96,2.69,SO,1729870058
343,chongoyape,-6.6406,-79.3892,27.45,51,4,3.26,PE,1729870059
344,kilindoni,-7.9139,39.6668,26.58,79,52,4.63,TZ,1729870062
345,imbituba,-28.24,-48.6703,24.68,57,0,5.62,BR,1729870063
346,wickenburg,33.9686,-112.7296,22.77,17,0,0.45,US,1729870041
347,halmstad,56.6745,12.8568,12.23,93,75,4.12,SE,1729870066
348,mar del plata,-38.0023,-57.5575,16.01,65,100,7.15,AR,1729869349
349,mersa matruh,31.3525,27.2453,22.47,60,2,7.02,EG,1729870068
350,lobujya,27.95,86.8167,-6.16,33,2,4.65,NP,1729870069
351,riosucio,5.4216,-75.7032,24.69,73,68,0.45,CO,1729870071
352,gole,52.4,19.0967,13.85,56,0,3.52,PL,1729870072
353,ilhabela,-23.7781,-45.3581,26.82,74,93,2.21,BR,1729870073
354,bumba,2.1833,22.4667,27.73,74,97,1.08,CD,1729870075
355,lebu,-37.6167,-73.65,12.67,64,46,8.44,CL,1729870025
356,deqing,30.5448,119.9599,18.53,94,100,2.6,CN,1729870077
357,verkhovazh'ye,60.7472,42.0465,3.04,83,62,2.73,RU,1729870078
358,turinsk,58.0458,63.696,4.62,85,99,2.09,RU,1729870079
359,taoudenni,22.6783,-3.9836,33.45,17,0,5.5,ML,1729870081
360,rockland,41.1668,-74.0496,13.24,58,2,0.45,US,1729870082
361,mizan teferi,6.9833,35.5833,18.96,93,97,0.34,ET,1729870083
362,ganshui,28.7422,106.7111,18.9,67,56,1.07,CN,1729870086
363,cadale,2.7603,46.3222,26.54,77,9,6.03,SO,1729870087
364,cole harbour,44.6724,-63.4751,11.65,75,100,14.4,CA,1729870088
365,boende,-0.2167,20.8667,27.64,71,100,2.54,CD,1729870090
366,alappuzha,9.49,76.3264,25.81,85,100,2.37,IN,1729870092
367,hadithah,34.1397,42.3781,20.03,22,1,1.7,IQ,1729870094
368,qarazhal,48.0078,70.7903,8.92,65,95,2.7,KZ,1729870095
369,carutapera,-1.195,-46.02,30.06,58,99,4.68,BR,1729870096
370,nuku'alofa,-21.1333,-175.2,23.19,94,40,3.6,TO,1729870098
371,brooks,50.5834,-111.8851,-5.01,93,3,1.03,CA,1729870099
372,barstow,34.8986,-117.0228,12.55,20,0,0.26,US,1729870101
373,rio gallegos,-51.6226,-69.2181,10.03,53,40,15.43,AR,1729870031
374,lanzhou,36.0564,103.7922,9.67,48,50,1.92,CN,1729870103
375,puerto armuelles,8.2833,-82.8667,27.83,75,95,0.45,PA,1729870104
376,al burayqah,30.4062,19.5739,22.47,53,1,6.23,LY,1729870106
377,sisimiut,66.9395,-53.6735,-2.76,71,58,4.71,GL,1729870107
378,villa nueva,14.5269,-90.5875,21.01,73,40,8.23,GT,1729869844
379,aykhal,66.0,111.5,-15.69,96,100,2.52,RU,1729869829
380,vernon,50.2581,-119.2691,0.74,86,100,1.03,CA,1729870111
381,luziania,-16.2525,-47.9503,28.44,56,90,1.49,BR,1729870112
382,praia da vitoria,38.7333,-27.0667,20.14,60,40,5.1,PT,1729870113
383,wucheng,29.6008,118.175,17.57,87,94,1.74,CN,1729870114
384,port douglas,-16.4833,145.4667,24.49,77,82,1.94,AU,1729870116
385,watsa,3.0372,29.5355,22.85,93,99,1.77,CD,1729870117
386,cabedelo,-6.9811,-34.8339,30.37,57,69,6.02,BR,1729870118
387,sagaing,21.8787,95.9797,25.49,86,35,1.75,MM,1729870120
388,saldanha,-33.0117,17.9442,21.03,73,0,10.89,ZA,1729870121
389,lahnstein,50.3,7.6167,18.74,73,61,1.94,DE,1729870122
390,karamay,45.6004,84.8661,11.19,65,10,2.84,CN,1729870124
391,merizo village,13.2658,144.6691,27.31,92,100,7.32,GU,1729870125
392,ugoofaaru,5.6667,73.0,27.77,82,100,5.54,MV,1729870126
393,le port,-20.9373,55.2919,24.12,77,46,2.49,RE,1729870127
394,dadukou,26.5479,101.7054,21.83,75,66,0.77,CN,1729870129
395,nchelenge,-9.3451,28.734,30.72,43,69,1.06,ZM,1729870130
396,cill airne,52.05,-9.5167,14.03,82,40,4.63,IE,1729870131
397,playa del ingles,27.7567,-15.5787,24.86,71,8,0.45,ES,1729870132
398,labasa,-16.4167,179.3833,24.38,91,61,3.33,FJ,1729870134
399,prince rupert,54.3161,-130.3201,6.83,65,100,8.23,CA,1729870135
400,ouargaye,11.5033,0.0572,35.48,25,99,2.41,BF,1729870136
401,tsiombe,-25.3,45.4833,23.73,60,91,1.42,MG,1729870138
402,jabor,5.921,169.6434,28.39,72,100,2.51,MH,1729870139
403,ebaye,8.7748,167.7392,29.01,74,40,4.12,MH,1729870140
404,bel ombre,-4.6167,55.4167,27.91,74,20,1.54,SC,1729870142
405,tolanaro,-25.0319,46.9987,26.04,73,75,8.23,MG,1729870143
406,arraial do cabo,-22.9661,-42.0278,33.98,43,40,3.6,BR,1729870144
407,khanty-mansiysk,61.0042,69.0019,5.06,100,40,2.0,RU,1729870145
408,zwedru,6.0667,-8.1281,30.65,58,55,1.53,LR,1729870147
409,queenstown,-31.8976,26.8753,21.97,39,3,7.04,ZA,1729869886
410,lerwick,60.1545,-1.1494,9.68,70,0,0.91,GB,1729870149
411,kamyzyak,46.11,48.0736,8.99,71,0,3.0,RU,1729870150
412,twon-brass,4.3151,6.2418,26.59,80,100,4.43,NG,1729870152
413,lovington,32.944,-103.3485,13.98,50,99,1.34,US,1729870153
414,vangaindrano,-23.35,47.6,23.15,83,10,4.74,MG,1729870156
415,kokopo,-4.352,152.2633,25.39,85,57,2.0,PG,1729870157
416,nagato,34.3833,131.2,18.85,81,96,1.41,JP,1729870158
417,ghanzi,-21.5667,21.7833,36.27,7,0,5.18,BW,1729870160
418,sao desiderio,-12.3633,-44.9733,35.11,29,93,2.9,BR,1729870161
419,antalaha,-14.9003,50.2788,24.55,81,34,4.66,MG,1729870164
420,bodaybo,57.8506,114.1933,-7.91,87,97,1.13,RU,1729870165
421,st. john's,47.5649,-52.7093,16.75,99,100,11.32,CA,1729869973
422,antsiranana,-12.2787,49.2917,25.55,77,10,6.67,MG,1729870167
423,arar,30.9753,41.0381,21.01,11,0,4.63,SA,1729870169
424,lata,40.1629,-8.3327,13.55,63,45,5.42,PT,1729870170
425,ribas do rio pardo,-20.4431,-53.7592,35.02,40,54,6.86,BR,1729870171
426,casper,42.8666,-106.3131,1.33,100,0,0.0,US,1729869900
427,ulaangom,49.9811,92.0667,2.29,83,52,1.34,MN,1729870174
428,mogocha,53.7333,119.7667,-10.02,92,5,1.06,RU,1729870175
429,jegunovce,42.0736,21.1236,16.99,59,52,1.21,MK,1729870176
430,oamaru,-45.0784,170.9801,7.2,91,100,7.11,NZ,1729870178
431,torquay,50.4638,-3.5143,15.14,75,38,7.63,GB,1729870179
432,dubbo,-32.25,148.6167,7.07,65,6,4.12,AU,1729870180
433,zahedan,29.4963,60.8629,25.95,27,3,5.14,IR,1729870181
434,shanhaiguan,39.9988,119.7564,12.75,77,3,1.5,CN,1729870183
435,mitu,1.1983,-70.1733,33.52,45,97,2.28,CO,1729870184
436,tambopata,-12.7333,-69.1833,32.94,58,40,4.12,PE,1729870185
437,ongole,15.5,80.05,26.67,56,9,3.0,IN,1729870187
438,kill devil hills,36.0307,-75.676,18.32,56,0,3.09,US,1729870188
439,yaren,-0.5472,166.916,27.82,72,76,1.48,NR,1729870191
440,san antonio de pale,-1.4014,5.6325,25.51,83,96,5.65,GQ,1729870192
441,ma'ili,21.4219,-158.1803,23.39,83,0,1.54,US,1729870193
442,half moon,34.826,-77.4594,20.1,49,0,1.79,US,1729870194
443,vilyuysk,63.7553,121.6247,-19.6,100,79,1.26,RU,1729870196
444,lecheng,25.1238,113.3254,17.44,72,82,2.83,CN,1729870197
445,ataq,14.5377,46.8319,26.86,52,12,7.73,YE,1729870198
446,betio village,1.358,172.9211,27.02,78,18,5.77,KI,1729870201
447,karbala,32.616,44.0249,20.34,25,0,2.09,IQ,1729870202
448,guajara mirim,-10.7828,-65.3394,34.09,46,40,4.63,BR,1729870203
449,keren,15.7778,38.4581,23.84,59,65,3.22,ER,1729870205
450,santa terezinha,-29.9002,-50.0904,22.31,66,51,6.2,BR,1729870206
451,pacocha,-17.5833,-71.3333,20.08,64,40,4.12,PE,1729870207
452,chifeng,42.2683,118.9636,8.11,57,17,2.62,CN,1729870208
453,santa helena de goias,-17.8136,-50.5969,33.61,40,100,4.59,BR,1729870210
454,constitucion,-35.3333,-72.4167,16.9,48,0,8.17,CL,1729870211
455,eustis,28.8528,-81.6853,27.28,65,28,1.79,US,1729870212
456,tobruk,32.0836,23.9764,21.26,58,58,3.46,LY,1729870213
457,smara,26.7384,-11.6719,30.86,25,0,4.84,EH,1729870215
458,araci,-11.3333,-38.9667,35.75,26,11,3.79,BR,1729870216
459,kuching,1.55,110.3333,28.12,83,20,2.06,MY,1729870003
460,fisterra,42.9049,-9.2629,14.94,64,36,6.44,ES,1729870219
461,contamana,-7.3333,-75.0167,35.31,42,61,2.14,PE,1729870220
462,den helder,52.9599,4.7593,17.76,88,50,2.57,NL,1729870221
463,alotau,-10.3069,150.4462,24.14,94,100,0.93,PG,1729870222
464,magadan,59.5667,150.8,-4.83,93,100,2.04,RU,1729870224
465,sao joao da barra,-21.6403,-41.0511,32.05,71,100,6.49,BR,1729869938
466,ola,59.5833,151.2833,-4.53,93,100,2.85,RU,1729870227
467,zile,40.3031,35.8864,10.56,60,2,1.54,TR,1729870228
468,bikenibeu village,1.3673,173.1241,26.98,83,75,3.6,KI,1729870229
469,korsakov,46.6328,142.7813,10.91,73,71,11.36,RU,1729870230
470,kailua-kona,19.6406,-155.9956,24.22,85,0,1.54,US,1729870232
471,sitia,35.2,26.0986,18.99,68,21,6.34,GR,1729870233
472,kismayo,-0.3582,42.5454,25.67,82,46,3.84,SO,1729870234
473,ghat,24.9647,10.1728,32.53,14,12,3.7,LY,1729870236
474,silivri,41.0802,28.226,16.03,68,2,6.71,TR,1729870237
475,flying fish cove,-10.4217,105.6791,24.82,88,100,4.12,CX,1729870238
476,porto novo,6.4965,2.6036,29.9,78,98,3.32,BJ,1729870239
477,nouna,12.7333,-3.8667,36.77,24,51,2.03,BF,1729870242
478,barabai,-2.5833,115.3833,23.65,95,100,0.63,ID,1729870244
479,umba,66.6871,34.3429,4.49,96,95,4.43,RU,1729870245
480,tsetserleg,47.475,101.4542,-0.48,73,18,2.05,MN,1729870247
481,dolores,-36.3132,-57.6792,13.92,75,99,6.55,AR,1729869980
482,kuqa,41.7278,82.9364,12.12,32,0,2.99,CN,1729870249
483,fauske,67.2588,15.3918,7.19,78,100,6.48,NO,1729870250
484,coahuayana de hidalgo,18.7,-103.6583,30.62,66,0,0.48,MX,1729870252
485,shalkar,47.8288,59.6258,9.69,60,100,2.48,KZ,1729870253
486,ko pha ngan,9.7578,100.0291,25.38,78,33,9.04,TH,1729869973
487,chita,52.0333,113.55,-11.06,62,11,2.0,RU,1729870255
488,tahe,52.3333,124.7333,-6.89,94,5,1.53,CN,1729870257
489,douglas,41.3,-96.167,11.02,70,0,4.12,US,1729870111
490,celestun,20.8667,-90.4,28.02,55,61,1.7,MX,1729870259
491,fortuna,40.5982,-124.1573,9.51,71,0,4.63,US,1729870261
492,holualoa,19.6228,-155.9522,21.91,89,0,1.54,US,1729870262
493,bardai,11.65,7.2333,29.46,30,100,2.8,NG,1729870263
494,muhlhausen,51.2167,10.45,17.26,85,10,2.45,DE,1729870266
495,sinabang,2.4803,96.3801,26.6,79,99,1.81,ID,1729870267
496,impfondo,1.6381,18.0667,26.08,89,100,0.48,CG,1729870268
497,alofi,-19.0595,-169.9187,24.67,82,100,10.01,NU,1729870270
498,arkhangel'sk,64.5401,40.5433,4.06,87,100,2.0,RU,1729870271
499,ak-dovurak,51.1833,90.6,2.29,53,92,0.14,RU,1729870272
500,daru,-9.0763,143.2092,24.56,83,43,2.53,PG,1729870273
501,karratha,-20.7377,116.8463,29.12,38,4,5.51,AU,1729870053
502,port macquarie,-31.4333,152.9167,14.48,84,84,1.79,AU,1729870276
503,kitimat,54.0524,-128.6534,1.7,94,98,2.07,CA,1729870277
504,degerfors,59.238,14.4308,7.87,85,9,1.19,SE,1729870279
505,dera ghazi khan,30.0561,70.6348,28.81,23,0,1.79,PK,1729870280
506,minas de marcona,-15.2119,-75.1103,19.3,55,60,6.93,PE,1729870281
507,colac,-38.3333,143.5833,3.29,85,1,1.14,AU,1729870283
508,juneau,58.3019,-134.4197,2.0,97,75,3.09,US,1729870000
509,jaguariaiva,-24.2511,-49.7058,25.48,75,97,5.57,BR,1729870285
510,urengoy,65.9667,78.3667,-4.34,97,100,3.33,RU,1729870286
511,mabaruma,8.2,-59.7833,29.34,76,81,2.07,GY,1729870288
512,margate,51.3813,1.3862,16.6,83,57,5.41,GB,1729870194
513,machico,32.7,-16.7667,20.35,73,40,6.17,PT,1729870290
514,natal,-5.795,-35.2094,31.12,51,40,7.72,BR,1729869671
515,clocolan,-28.9137,27.5656,22.83,20,0,3.4,ZA,1729870293
516,tanjung selor,2.8372,117.3642,26.15,79,91,2.28,ID,1729870295
517,port saint john's,-31.6229,29.5448,19.21,71,60,5.51,ZA,1729870296
518,paradip garh,20.3167,86.6167,24.23,90,100,8.68,IN,1729870297
519,constantia,44.1833,28.65,12.61,54,31,1.02,RO,1729870299
520,kutum,14.2,24.6667,28.26,17,3,4.47,SD,1729870300
521,kununurra,-15.7667,128.7333,27.99,65,62,1.54,AU,1729870138
522,cape coast,5.1053,-1.2466,27.28,82,100,6.0,GH,1729870204
523,medicine hat,50.0501,-110.6683,-0.39,65,4,1.91,CA,1729869939
524,thabazimbi,-24.5917,27.4116,32.19,18,3,2.52,ZA,1729870306
525,antonio enes,-16.2325,39.9086,26.04,79,1,6.78,MZ,1729870308
526,scarborough,54.2797,-0.4044,13.24,82,62,2.01,GB,1729870267
527,saint george's,12.0564,-61.7485,29.94,72,89,7.97,GD,1729870310
528,los frentones,-26.4077,-61.4137,34.7,19,0,1.46,AR,1729870313
529,manakara,-22.1333,48.0167,23.19,83,93,4.96,MG,1729870314
530,tlahualilo de zaragoza,26.1167,-103.45,24.2,33,0,0.3,MX,1729870315
531,zaozersk,69.4005,32.4476,6.59,83,28,11.24,RU,1729870316
532,ouled mimoun,34.9047,-1.0339,23.05,42,97,3.76,DZ,1729870318
533,grand falls-windsor,48.9332,-55.6649,6.39,93,100,4.92,CA,1729870319
534,san pedro pochutla,15.7333,-96.4667,30.4,70,35,1.35,MX,1729870320
535,kyshtovka,56.555,76.6271,6.46,86,100,6.9,RU,1729870322
536,oxford,51.7522,-1.256,15.09,96,75,3.09,GB,1729870323
537,nadi,-17.8,177.4167,24.0,88,40,2.06,FJ,1729870181
538,dabeiba,7.0017,-76.2672,28.05,76,85,2.23,CO,1729870325
539,kampung tanjung karang,3.4242,101.1849,25.57,93,100,3.74,MY,1729870327
540,roswell,34.0232,-84.3616,23.1,51,0,1.54,US,1729870329
541,tateyama,34.9833,139.8667,19.64,78,100,5.61,JP,1729870331
542,salamanca,40.8333,-6.0,12.69,47,98,4.51,ES,1729870084
543,la maddalena,41.2142,9.4083,20.43,89,90,2.53,IT,1729870333
544,simga,21.6333,81.7,23.77,76,90,3.15,IN,1729870335
545,nova vicosa,-17.8919,-39.3719,29.4,63,100,7.95,BR,1729870336
546,acarau,-2.8856,-40.12,30.75,56,100,9.02,BR,1729870216
547,lexington park,38.2668,-76.4538,16.08,60,0,1.54,US,1729870339
548,pachino,36.7186,15.0907,20.52,68,96,2.5,IT,1729870340
549,anchorage,61.2181,-149.9003,-1.66,67,100,3.6,US,1729870341
550,greymouth,-42.4667,171.2,12.26,97,100,3.93,NZ,1729870343
551,novouzensk,50.4592,48.1431,8.09,73,100,3.38,RU,1729870344
552,camarinas,43.1311,-9.1817,13.29,69,41,5.88,ES,1729870346
553,hammerfest,70.6634,23.6821,8.25,66,75,18.52,NO,1729870347
554,mikun',62.3547,50.0771,2.84,71,100,3.35,RU,1729870349
555,sitka,57.0531,-135.33,6.94,65,0,4.63,US,1729870350
556,usogorsk,63.4106,48.6872,2.48,72,100,2.66,RU,1729870351
557,luwuk,-0.9516,122.7875,23.35,71,10,1.61,ID,1729870352
558,ushibukamachi,32.1906,130.0228,21.76,88,100,2.68,JP,1729870354
559,sao francisco de assis,-29.5503,-55.1311,23.49,61,75,3.64,BR,1729870355
560,kara suu,40.7046,72.8667,11.98,87,100,2.0,KG,1729870356
561,saudarkrokur,65.7461,-19.6394,3.22,97,99,5.08,IS,1729870358
562,mutsu,41.2894,141.2169,10.66,72,0,2.16,JP,1729870359
563,liberty lake,47.6759,-117.1182,3.94,80,0,1.34,US,1729870360
564,okhotsk,59.3833,143.3,-4.96,92,96,4.1,RU,1729870362
565,kampene,-3.6,26.6667,22.78,86,99,0.51,CD,1729870363
566,twin falls,42.3505,-114.6445,-1.81,86,0,4.12,US,1729870364
567,tenno,39.9,139.9667,13.53,71,2,1.88,JP,1729870365
568,harper,4.375,-7.7169,26.97,82,56,3.93,LR,1729870367
569,kyabe,9.4515,18.9449,29.28,59,100,1.96,TD,1729870368
570,udachny,66.4167,112.4,-17.74,98,99,1.73,RU,1729870369
571,quepos,9.4236,-84.1652,29.17,71,76,1.84,CR,1729870371
572,stavyshche,50.4,29.5333,7.9,84,68,3.06,UA,1729870372
573,muroto-misakicho,33.2833,134.15,22.57,67,100,6.76,JP,1729870373
574,lensk,60.7253,114.9278,-8.57,98,100,1.46,RU,1729870375
575,amursk,50.2261,136.8994,-1.04,73,1,0.46,RU,1729870376
576,heroica ciudad de tlaxiaco,17.2667,-97.6833,19.78,63,0,1.04,MX,1729870377
577,ndjole,-0.1783,10.7649,26.1,93,82,2.09,GA,1729870379
578,malango,-2.9627,119.9001,18.25,98,47,1.39,ID,1729870380
579,recreo,-29.2818,-65.061,28.85,32,0,4.31,AR,1729870310
580,hobyo,5.3505,48.5268,26.19,84,26,6.15,SO,1729870382
581,wotho,10.1657,166.0102,28.57,78,100,6.15,MH,1729870384
582,rotorua,-38.1387,176.2452,16.63,81,100,2.27,NZ,1729870386
583,black point,-34.6187,137.8972,14.87,72,100,6.07,AU,1729870388
584,viana do castelo,41.6932,-8.8329,14.37,68,91,5.19,PT,1729870389
585,alo,6.5486,4.2686,27.09,79,98,2.87,NG,1729870390
586,ambodifotatra,-16.9833,49.85,26.03,73,75,0.0,MG,1729870391
587,al bawiti,28.3492,28.8659,22.58,31,0,4.8,EG,1729870393
588,pontes e lacerda,-15.2261,-59.3353,37.95,30,97,4.63,BR,1729870394
589,cedeira,43.6797,-8.0209,13.32,92,72,4.21,ES,1729870395
590,haiku-pauwela,20.9219,-156.3051,22.92,76,75,5.81,US,1729870396
591,al ghayzah,16.2079,52.176,27.89,75,17,4.36,YE,1729870398
592,upington,-28.4478,21.2561,32.21,6,0,5.14,ZA,1729870399
593,el granada,37.5027,-122.4694,16.75,67,75,1.54,US,1729870400
594,nikolayevsk-on-amure,53.1406,140.73,-0.02,89,100,5.84,RU,1729870401
